decision_id,decision_date,issue,alternatives_considered,selected_approach,rationale,decision_owner,affected_outputs,rerun_required,run_id
D001,2026-08-15,ACS analytical source,2020-2024 B19013 files,Use 2024 ACS 5-Year B19013,Immediate assignment specifies 2024,Project brief,All income outputs,No,phase1_acs2024_b4f59c2a02_xw_29e5a007c6_v1_1_0
D002,2026-08-15,Crosswalk source,No mapping; infer prefix; HRSA 2024 crosswalk,Use HRSA 2024 ZIP Code to ZCTA Crosswalk,"Government source, versioned download, includes ZIP, ZCTA, state, ZIP type, and join type",Technical selection,All mapping/state outputs,No,phase1_acs2024_b4f59c2a02_xw_29e5a007c6_v1_1_0
D003,2026-08-15,Crosswalk vintage,Treat label as 2024 only; retain underlying notes,Record both 2024 release label and underlying ZCTA TIGER 2023 / ZIP June 2023 vintages,Source notes explicitly state underlying vintages,Technical implementation,Manifest; reports,No,phase1_acs2024_b4f59c2a02_xw_29e5a007c6_v1_1_0
D004,2026-08-15,ZCTA state resolution,First row; majority row count; direct code priority,Prioritize one direct ZIP=ZCTA state; otherwise exact special record; otherwise sole state candidate,Deterministic and tied to source join method without arbitrary row order,Technical implementation,Resolved ZCTA mapping,Only if rule changes,phase1_acs2024_b4f59c2a02_xw_29e5a007c6_v1_1_0
D005,2026-08-15,Cross-state ZCTAs,Discard alternate state; leave unresolved; assign direct-match state and flag,Assign direct-match state and retain ambiguity/candidate states,Preserves operational mapping while exposing cross-border relationship,Technical implementation pending review,45202; 45209,If reviewer selects another rule,phase1_acs2024_b4f59c2a02_xw_29e5a007c6_v1_1_0
D006,2026-08-15,Unmatched ACS ZCTAs,Manual override; prefix inference; preserve unresolved,Preserve 32026 and 97258 unresolved,No supported source-field relationship was available; both have non-exact income,Technical implementation,Mapping exceptions,If an approved override source is supplied,phase1_acs2024_b4f59c2a02_xw_29e5a007c6_v1_1_0
D007,2026-08-15,Open-ended income,Use bound as exact; impute; preserve censored,Exclude from exact ranks while retaining bound and direction,Avoid unapproved capping or false precision,Technical implementation pending actuarial review,Rank/state summary,If actuary approves another treatment,phase1_acs2024_b4f59c2a02_xw_29e5a007c6_v1_1_0
D008,2026-08-15,Percentile and ties,Row-number; minimum-rank; midrank,Use (midrank-1)/(n-1); identical incomes share rank/percentile,Deterministic and does not split ties,Technical implementation pending checkpoint approval,Within-state rank table,If reviewer selects another formula,phase1_acs2024_b4f59c2a02_xw_29e5a007c6_v1_1_0
D009,2026-08-15,Candidate groupings,Proceed automatically; stop at checkpoint,Stop before candidate grouping,Section 8 requires checkpoint review first,Project brief,No candidate outputs,No,phase1_acs2024_b4f59c2a02_xw_29e5a007c6_v1_1_0
